Item name,Price (₹),Description,Website link,Item code,Category,Photo to download
All Purpose Gravy Premix,60,"A versatile onion-and-garlic-free gravy base for paneer, vegetables, chana, eggs or chicken.",https://www.kantagreens.com/products/all-purpose-gravy-premix,KG-APG-100,Curries & Gravies,"https://res.cloudinary.com/dvvjjcrby/image/upload/w_1024,h_1024,c_pad,b_white,f_jpg,q_auto/gt/products/premix/all-purpose-gravy-premix-1"
Biryani Premix,95,"Biryani spices in one pack, made without onion or garlic. Cook with rice and vegetables, paneer or chicken.",https://www.kantagreens.com/products/biryani-premix,KG-BIR-100,Biryani & Rice,"https://res.cloudinary.com/dvvjjcrby/image/upload/w_1024,h_1024,c_pad,b_white,f_jpg,q_auto/gt/products/premix/biryani-premix-1"
Chhole Masala Premix,70,A chhole masala base. Cook it with water as directed on the pack and add boiled chickpeas for Punjabi-style chhole.,https://www.kantagreens.com/products/chhole-masala-premix,KG-CHM-100,Curries & Gravies,NO PHOTO YET: add after photoshoot
Chhole Masala Premix (No Onion No Garlic),70,"Our chhole masala, made without onion or garlic. Add water and boiled chickpeas.",https://www.kantagreens.com/products/chhole-masala-premix-no-onion-no-garlic,KG-CHM-NOG-100,Curries & Gravies,"https://res.cloudinary.com/dvvjjcrby/image/upload/w_1024,h_1024,c_pad,b_white,f_jpg,q_auto/gt/products/premix/chhole-masala-premix-no-onion-no-garlic-1"
Coconut Chutney Premix,55,"Coconut chutney without the grating and grinding. Made without onion or garlic, perfect with idli and dosa.",https://www.kantagreens.com/products/coconut-chutney-premix,KG-CCH-100,Chutneys & Sides,"https://res.cloudinary.com/dvvjjcrby/image/upload/w_1024,h_1024,c_pad,b_white,f_jpg,q_auto/gt/products/premix/coconut-chutney-premix-1"
Moong Dal Halwa Premix,110,"Moong dal roasted in ghee with milk powder, sugar, nuts and cardamom. Add milk or water and it's ready in about 15 minutes.",https://www.kantagreens.com/products/moong-dal-halwa-premix,KG-MDH-150,Sweets & Desserts,"https://res.cloudinary.com/dvvjjcrby/image/upload/w_1024,h_1024,c_pad,b_white,f_jpg,q_auto/gt/products/premix/moong-dal-halwa-premix-1"
Paneer Tikka Gravy Premix,75,A tikka masala gravy base. Cook it with water as directed on the pack and add paneer for a restaurant-style gravy.,https://www.kantagreens.com/products/paneer-tikka-gravy-premix,KG-PTG-100,Curries & Gravies,NO PHOTO YET: add after photoshoot
Paneer Tikka Gravy Premix (No Onion No Garlic),75,"Our paneer tikka gravy, made without onion or garlic. Cook it with water as directed and add paneer.",https://www.kantagreens.com/products/paneer-tikka-gravy-premix-no-onion-no-garlic,KG-PTG-NOG-100,Curries & Gravies,NO PHOTO YET: add after photoshoot
Rawa Idli Premix,85,"Semolina, urad dal, cashew and spices, pre-mixed. Add water and curd, steam, and serve hot with chutney and sambhar.",https://www.kantagreens.com/products/rawa-idli-premix,KG-RID-220,Breakfast,"https://res.cloudinary.com/dvvjjcrby/image/upload/w_1024,h_1024,c_pad,b_white,f_jpg,q_auto/gt/products/premix/rawa-idli-premix-1"
Sambhar Premix,65,"Tur dal, tamarind and roasted spices, pre-blended. Add water and your vegetables for a pot of homestyle sambhar.",https://www.kantagreens.com/products/sambhar-premix,KG-SAM-100,Dal & Sambhar,"https://res.cloudinary.com/dvvjjcrby/image/upload/w_1024,h_1024,c_pad,b_white,f_jpg,q_auto/gt/products/premix/sambhar-premix-1"
White Gravy Premix,90,"A creamy white gravy base, made without onion or garlic. Great with paneer, vegetables or chicken.",https://www.kantagreens.com/products/white-gravy-premix,KG-WGR-100,Curries & Gravies,"https://res.cloudinary.com/dvvjjcrby/image/upload/w_1024,h_1024,c_pad,b_white,f_jpg,q_auto/gt/products/premix/white-gravy-premix-1"
